,date,prcp
0,2016-08-24,0.08
1,2016-08-24,2.15
2,2016-08-24,2.28
3,2016-08-24,
4,2016-08-24,1.22
5,2016-08-24,2.15
6,2016-08-24,1.45
7,2016-08-25,0.08
8,2016-08-25,0.08
9,2016-08-25,0.0
10,2016-08-25,0.0
11,2016-08-25,0.21
12,2016-08-25,0.06
13,2016-08-25,0.11
14,2016-08-26,0.0
15,2016-08-26,0.03
16,2016-08-26,0.02
17,2016-08-26,0.04
18,2016-08-26,0.0
19,2016-08-26,0.01
20,2016-08-27,0.0
21,2016-08-27,0.18
22,2016-08-27,0.02
23,2016-08-27,0.0
24,2016-08-27,0.12
25,2016-08-27,
26,2016-08-28,0.01
27,2016-08-28,0.14
28,2016-08-28,0.14
29,2016-08-28,0.14
30,2016-08-28,0.6
31,2016-08-28,2.07
32,2016-08-29,0.0
33,2016-08-29,0.17
34,2016-08-29,0.04
35,2016-08-29,
36,2016-08-29,0.0
37,2016-08-29,0.35
38,2016-08-29,0.9
39,2016-08-30,0.0
40,2016-08-30,0.0
41,2016-08-30,0.02
42,2016-08-30,0.0
43,2016-08-30,0.0
44,2016-08-30,0.05
45,2016-08-31,0.13
46,2016-08-31,0.1
47,2016-08-31,
48,2016-08-31,
49,2016-08-31,0.25
50,2016-08-31,0.24
51,2016-08-31,2.46
52,2016-09-01,0.0
53,2016-09-01,0.0
54,2016-09-01,0.0
55,2016-09-01,
56,2016-09-01,0.02
57,2016-09-01,0.01
58,2016-09-02,0.0
59,2016-09-02,0.02
60,2016-09-02,0.19
61,2016-09-02,
62,2016-09-02,
63,2016-09-02,0.01
64,2016-09-02,0.03
65,2016-09-03,0.0
66,2016-09-03,0.07
67,2016-09-03,0.08
68,2016-09-03,0.12
69,2016-09-03,1.0
70,2016-09-04,0.03
71,2016-09-04,0.03
72,2016-09-04,0.74
73,2016-09-04,0.14
74,2016-09-04,0.44
75,2016-09-05,
76,2016-09-05,0.11
77,2016-09-05,
78,2016-09-05,0.02
79,2016-09-05,0.03
80,2016-09-05,0.18
81,2016-09-06,
82,2016-09-06,0.05
83,2016-09-06,0.04
84,2016-09-06,0.03
85,2016-09-06,0.11
86,2016-09-06,1.0
87,2016-09-07,0.05
88,2016-09-07,0.1
89,2016-09-07,0.23
90,2016-09-07,0.11
91,2016-09-07,0.16
92,2016-09-07,1.35
93,2016-09-08,0.0
94,2016-09-08,0.22
95,2016-09-08,0.01
96,2016-09-08,
97,2016-09-08,0.01
98,2016-09-08,0.07
99,2016-09-08,0.15
100,2016-09-09,0.03
101,2016-09-09,0.01
102,2016-09-09,0.29
103,2016-09-09,
104,2016-09-09,0.23
105,2016-09-09,0.16
106,2016-09-09,0.35
107,2016-09-10,0.0
108,2016-09-10,0.01
109,2016-09-10,0.14
110,2016-09-10,0.09
111,2016-09-10,1.16
112,2016-09-11,0.05
113,2016-09-11,0.18
114,2016-09-11,0.12
115,2016-09-11,0.3
116,2016-09-11,0.6
117,2016-09-12,0.0
118,2016-09-12,0.04
119,2016-09-12,
120,2016-09-12,
121,2016-09-12,0.15
122,2016-09-12,0.31
123,2016-09-12,1.04
124,2016-09-13,0.02
125,2016-09-13,0.37
126,2016-09-13,0.32
127,2016-09-13,
128,2016-09-13,0.46
129,2016-09-13,0.34
130,2016-09-13,1.2
131,2016-09-14,1.32
132,2016-09-14,0.9
133,2016-09-14,1.84
134,2016-09-14,
135,2016-09-14,1.19
136,2016-09-14,2.33
137,2016-09-14,6.7
138,2016-09-15,0.42
139,2016-09-15,0.12
140,2016-09-15,0.07
141,2016-09-15,
142,2016-09-15,0.17
143,2016-09-15,0.83
144,2016-09-15,3.35
145,2016-09-16,0.06
146,2016-09-16,0.01
147,2016-09-16,0.07
148,2016-09-16,0.0
149,2016-09-16,0.01
150,2016-09-16,0.06
151,2016-09-16,0.61
152,2016-09-17,0.05
153,2016-09-17,0.04
154,2016-09-17,0.0
155,2016-09-17,0.36
156,2016-09-17,0.23
157,2016-09-18,0.0
158,2016-09-18,0.0
159,2016-09-18,0.04
160,2016-09-18,0.07
161,2016-09-18,0.42
162,2016-09-19,0.0
163,2016-09-19,0.01
164,2016-09-19,
165,2016-09-19,
166,2016-09-19,0.05
167,2016-09-19,0.01
168,2016-09-19,0.25
169,2016-09-20,0.0
170,2016-09-20,0.09
171,2016-09-20,0.25
172,2016-09-20,0.0
173,2016-09-20,0.04
174,2016-09-20,0.22
175,2016-09-20,0.43
176,2016-09-21,0.0
177,2016-09-21,0.06
178,2016-09-21,0.02
179,2016-09-21,0.0
180,2016-09-21,0.07
181,2016-09-21,1.02
182,2016-09-22,0.02
183,2016-09-22,0.09
184,2016-09-22,0.17
185,2016-09-22,0.06
186,2016-09-22,0.01
187,2016-09-22,0.34
188,2016-09-22,0.75
189,2016-09-23,0.0
190,2016-09-23,0.15
191,2016-09-23,0.15
192,2016-09-23,0.0
193,2016-09-23,0.0
194,2016-09-23,0.94
195,2016-09-23,0.33
196,2016-09-24,0.0
197,2016-09-24,0.0
198,2016-09-24,0.0
199,2016-09-24,0.0
200,2016-09-24,0.01
201,2016-09-24,0.27
202,2016-09-25,0.0
203,2016-09-25,0.02
204,2016-09-25,0.0
205,2016-09-25,0.0
206,2016-09-25,0.03
207,2016-09-25,0.04
208,2016-09-26,0.06
209,2016-09-26,0.06
210,2016-09-26,0.02
211,2016-09-26,
212,2016-09-26,0.34
213,2016-09-26,0.17
214,2016-09-26,1.02
215,2016-09-27,0.02
216,2016-09-27,0.12
217,2016-09-27,0.0
218,2016-09-27,0.05
219,2016-09-27,0.17
220,2016-09-27,1.0
221,2016-09-28,0.0
222,2016-09-28,0.08
223,2016-09-28,0.0
224,2016-09-28,0.0
225,2016-09-28,0.0
226,2016-09-28,0.0
227,2016-09-28,0.05
228,2016-09-29,0.0
229,2016-09-29,0.49
230,2016-09-29,0.2
231,2016-09-29,0.04
232,2016-09-29,0.18
233,2016-09-29,0.59
234,2016-09-29,1.49
235,2016-09-30,0.0
236,2016-09-30,0.31
237,2016-09-30,0.06
238,2016-09-30,
239,2016-09-30,0.15
240,2016-09-30,0.25
241,2016-09-30,0.38
242,2016-10-01,0.0
243,2016-10-01,0.14
244,2016-10-01,0.08
245,2016-10-01,0.07
246,2016-10-01,0.14
247,2016-10-01,1.02
248,2016-10-02,0.0
249,2016-10-02,0.02
250,2016-10-02,0.03
251,2016-10-02,0.0
252,2016-10-02,0.06
253,2016-10-02,0.61
254,2016-10-03,0.0
255,2016-10-03,0.04
256,2016-10-03,0.03
257,2016-10-03,
258,2016-10-03,0.0
259,2016-10-03,0.16
260,2016-10-03,0.46
261,2016-10-04,0.0
262,2016-10-04,0.0
263,2016-10-04,0.0
264,2016-10-04,
265,2016-10-04,0.0
266,2016-10-04,0.03
267,2016-10-04,3.46
268,2016-10-05,0.0
269,2016-10-05,0.0
270,2016-10-05,0.0
271,2016-10-05,
272,2016-10-05,0.0
273,2016-10-05,0.01
274,2016-10-05,0.81
275,2016-10-06,0.0
276,2016-10-06,0.05
277,2016-10-06,0.0
278,2016-10-06,0.07
279,2016-10-06,0.0
280,2016-10-06,0.0
281,2016-10-06,0.04
282,2016-10-07,0.0
283,2016-10-07,0.0
284,2016-10-07,0.0
285,2016-10-07,
286,2016-10-07,0.0
287,2016-10-07,0.0
288,2016-10-07,0.01
289,2016-10-08,0.0
290,2016-10-08,0.0
291,2016-10-08,0.0
292,2016-10-08,0.0
293,2016-10-08,0.04
294,2016-10-09,0.0
295,2016-10-09,0.0
296,2016-10-09,0.0
297,2016-10-09,0.0
298,2016-10-09,0.0
299,2016-10-10,0.0
300,2016-10-10,0.0
301,2016-10-10,
302,2016-10-10,0.0
303,2016-10-10,0.0
304,2016-10-10,0.0
305,2016-10-11,0.0
306,2016-10-11,0.02
307,2016-10-11,0.04
308,2016-10-11,
309,2016-10-11,0.0
310,2016-10-11,0.28
311,2016-10-11,0.35
312,2016-10-12,0.0
313,2016-10-12,0.03
314,2016-10-12,0.0
315,2016-10-12,0.0
316,2016-10-12,0.03
317,2016-10-12,0.02
318,2016-10-13,0.0
319,2016-10-13,0.0
320,2016-10-13,0.02
321,2016-10-13,
322,2016-10-13,0.0
323,2016-10-13,0.0
324,2016-10-13,0.06
325,2016-10-14,0.0
326,2016-10-14,0.0
327,2016-10-14,0.0
328,2016-10-14,0.0
329,2016-10-14,0.0
330,2016-10-14,0.0
331,2016-10-15,0.0
332,2016-10-15,0.0
333,2016-10-15,0.02
334,2016-10-15,0.0
335,2016-10-15,0.04
336,2016-10-15,0.33
337,2016-10-16,0.0
338,2016-10-16,0.0
339,2016-10-16,0.0
340,2016-10-16,0.0
341,2016-10-16,0.0
342,2016-10-17,0.01
343,2016-10-17,0.03
344,2016-10-17,
345,2016-10-17,
346,2016-10-17,0.12
347,2016-10-17,0.01
348,2016-10-17,0.38
349,2016-10-18,0.0
350,2016-10-18,0.05
351,2016-10-18,0.03
352,2016-10-18,
353,2016-10-18,0.02
354,2016-10-18,0.02
355,2016-10-18,0.48
356,2016-10-19,0.0
357,2016-10-19,0.06
358,2016-10-19,0.0
359,2016-10-19,
360,2016-10-19,0.0
361,2016-10-19,0.11
362,2016-10-19,0.0
363,2016-10-20,0.0
364,2016-10-20,0.0
365,2016-10-20,0.01
366,2016-10-20,
367,2016-10-20,0.0
368,2016-10-20,1.0
369,2016-10-21,0.05
370,2016-10-21,0.15
371,2016-10-21,0.03
372,2016-10-21,
373,2016-10-21,
374,2016-10-21,0.0
375,2016-10-21,0.09
376,2016-10-22,0.15
377,2016-10-22,0.1
378,2016-10-22,0.0
379,2016-10-22,0.15
380,2016-10-22,1.37
381,2016-10-23,0.01
382,2016-10-23,0.01
383,2016-10-23,
384,2016-10-23,0.0
385,2016-10-23,0.02
386,2016-10-23,0.24
387,2016-10-24,0.0
388,2016-10-24,0.0
389,2016-10-24,0.01
390,2016-10-24,
391,2016-10-24,0.0
392,2016-10-24,0.08
393,2016-10-24,0.7
394,2016-10-25,0.03
395,2016-10-25,0.04
396,2016-10-25,0.0
397,2016-10-25,0.4
398,2016-10-25,0.12
399,2016-10-25,0.11
400,2016-10-25,0.4
401,2016-10-26,0.0
402,2016-10-26,0.06
403,2016-10-26,0.2
404,2016-10-26,0.02
405,2016-10-26,0.01
406,2016-10-26,0.0
407,2016-10-27,0.0
408,2016-10-27,0.11
409,2016-10-27,0.2
410,2016-10-27,
411,2016-10-27,0.08
412,2016-10-27,0.22
413,2016-10-27,1.25
414,2016-10-28,0.0
415,2016-10-28,0.02
416,2016-10-28,0.07
417,2016-10-28,
418,2016-10-28,0.06
419,2016-10-28,0.05
420,2016-10-28,0.37
421,2016-10-29,0.0
422,2016-10-29,0.02
423,2016-10-29,0.26
424,2016-10-29,0.01
425,2016-10-29,0.1
426,2016-10-29,0.25
427,2016-10-30,0.24
428,2016-10-30,0.1
429,2016-10-30,0.14
430,2016-10-30,0.0
431,2016-10-30,0.16
432,2016-10-30,0.95
433,2016-10-31,0.03
434,2016-10-31,0.03
435,2016-10-31,0.0
436,2016-10-31,
437,2016-10-31,0.13
438,2016-10-31,0.07
439,2016-10-31,1.35
440,2016-11-01,0.0
441,2016-11-01,0.01
442,2016-11-01,0.0
443,2016-11-01,0.01
444,2016-11-01,0.1
445,2016-11-01,0.09
446,2016-11-02,0.0
447,2016-11-02,0.0
448,2016-11-02,0.0
449,2016-11-02,0.0
450,2016-11-02,0.0
451,2016-11-02,0.04
452,2016-11-03,0.0
453,2016-11-03,0.0
454,2016-11-03,0.0
455,2016-11-03,0.0
456,2016-11-03,0.0
457,2016-11-03,0.02
458,2016-11-04,0.0
459,2016-11-04,0.0
460,2016-11-04,0.0
461,2016-11-04,
462,2016-11-04,0.0
463,2016-11-04,0.0
464,2016-11-04,0.06
465,2016-11-05,0.0
466,2016-11-05,0.02
467,2016-11-05,0.0
468,2016-11-05,0.02
469,2016-11-05,0.03
470,2016-11-05,0.38
471,2016-11-06,0.0
472,2016-11-06,0.02
473,2016-11-06,0.0
474,2016-11-06,0.0
475,2016-11-06,0.01
476,2016-11-06,0.05
477,2016-11-07,0.0
478,2016-11-07,0.0
479,2016-11-07,0.13
480,2016-11-07,
481,2016-11-07,0.0
482,2016-11-07,0.0
483,2016-11-07,0.05
484,2016-11-08,0.07
485,2016-11-08,0.14
486,2016-11-08,0.02
487,2016-11-08,0.15
488,2016-11-08,0.21
489,2016-11-08,0.53
490,2016-11-09,0.0
491,2016-11-09,0.08
492,2016-11-09,0.17
493,2016-11-09,0.0
494,2016-11-09,0.0
495,2016-11-09,0.11
496,2016-11-09,0.04
497,2016-11-10,0.0
498,2016-11-10,0.0
499,2016-11-10,0.0
500,2016-11-10,0.0
501,2016-11-10,0.0
502,2016-11-10,0.01
503,2016-11-11,0.0
504,2016-11-11,0.0
505,2016-11-11,0.0
506,2016-11-11,0.0
507,2016-11-11,0.0
508,2016-11-11,0.0
509,2016-11-12,0.0
510,2016-11-12,0.0
511,2016-11-12,0.0
512,2016-11-12,0.0
513,2016-11-12,0.0
514,2016-11-12,0.0
515,2016-11-13,0.0
516,2016-11-13,0.0
517,2016-11-13,0.0
518,2016-11-13,0.0
519,2016-11-13,0.0
520,2016-11-13,0.0
521,2016-11-14,0.0
522,2016-11-14,0.06
523,2016-11-14,0.05
524,2016-11-14,0.02
525,2016-11-14,0.0
526,2016-11-14,0.0
527,2016-11-14,0.02
528,2016-11-15,0.0
529,2016-11-15,0.0
530,2016-11-15,0.0
531,2016-11-15,
532,2016-11-15,0.0
533,2016-11-15,0.0
534,2016-11-15,0.05
535,2016-11-16,0.0
536,2016-11-16,0.14
537,2016-11-16,0.18
538,2016-11-16,
539,2016-11-16,0.07
540,2016-11-16,0.24
541,2016-11-16,0.91
542,2016-11-17,0.0
543,2016-11-17,0.03
544,2016-11-17,0.0
545,2016-11-17,
546,2016-11-17,0.0
547,2016-11-17,0.01
548,2016-11-17,0.02
549,2016-11-18,0.0
550,2016-11-18,0.01
551,2016-11-18,
552,2016-11-18,0.02
553,2016-11-18,0.0
554,2016-11-19,0.03
555,2016-11-19,0.11
556,2016-11-19,0.13
557,2016-11-19,0.11
558,2016-11-20,0.05
559,2016-11-20,0.11
560,2016-11-20,0.4
561,2016-11-20,0.39
562,2016-11-20,
563,2016-11-21,0.01
564,2016-11-21,0.02
565,2016-11-21,
566,2016-11-21,0.07
567,2016-11-21,0.11
568,2016-11-21,2.87
569,2016-11-22,0.13
570,2016-11-22,0.41
571,2016-11-22,
572,2016-11-22,
573,2016-11-22,0.31
574,2016-11-22,2.05
575,2016-11-22,2.11
576,2016-11-23,0.14
577,2016-11-23,0.03
578,2016-11-23,
579,2016-11-23,0.03
580,2016-11-23,0.25
581,2016-11-23,0.22
582,2016-11-24,0.05
583,2016-11-24,0.2
584,2016-11-24,0.21
585,2016-11-24,0.3
586,2016-11-24,0.72
587,2016-11-25,0.05
588,2016-11-25,0.05
589,2016-11-25,
590,2016-11-25,0.11
591,2016-11-25,0.08
592,2016-11-25,1.03
593,2016-11-26,0.05
594,2016-11-26,0.05
595,2016-11-26,0.02
596,2016-11-26,0.03
597,2016-11-26,0.06
598,2016-11-26,0.3
599,2016-11-27,0.0
600,2016-11-27,0.06
601,2016-11-27,0.03
602,2016-11-27,0.0
603,2016-11-27,0.17
604,2016-11-27,0.29
605,2016-11-28,0.01
606,2016-11-28,0.02
607,2016-11-28,0.0
608,2016-11-28,
609,2016-11-28,0.0
610,2016-11-28,0.0
611,2016-11-28,0.69
612,2016-11-29,0.0
613,2016-11-29,0.04
614,2016-11-29,0.04
615,2016-11-29,
616,2016-11-29,0.06
617,2016-11-29,0.09
618,2016-11-29,0.2
619,2016-11-30,0.14
620,2016-11-30,0.05
621,2016-11-30,0.03
622,2016-11-30,
623,2016-11-30,0.0
624,2016-11-30,0.05
625,2016-11-30,0.79
626,2016-12-01,0.12
627,2016-12-01,0.33
628,2016-12-01,0.07
629,2016-12-01,
630,2016-12-01,0.16
631,2016-12-01,0.37
632,2016-12-01,0.72
633,2016-12-02,0.03
634,2016-12-02,0.3
635,2016-12-02,0.4
636,2016-12-02,
637,2016-12-02,0.01
638,2016-12-02,0.35
639,2016-12-02,1.27
640,2016-12-03,0.0
641,2016-12-03,0.04
642,2016-12-03,0.26
643,2016-12-03,0.02
644,2016-12-03,0.77
645,2016-12-03,1.62
646,2016-12-04,0.03
647,2016-12-04,0.1
648,2016-12-04,0.0
649,2016-12-04,0.32
650,2016-12-04,0.04
651,2016-12-04,0.31
652,2016-12-05,0.43
653,2016-12-05,0.34
654,2016-12-05,0.2
655,2016-12-05,
656,2016-12-05,0.45
657,2016-12-05,0.22
658,2016-12-05,1.6
659,2016-12-06,0.02
660,2016-12-06,0.02
661,2016-12-06,
662,2016-12-06,0.0
663,2016-12-06,0.0
664,2016-12-06,0.0
665,2016-12-07,0.0
666,2016-12-07,0.17
667,2016-12-07,
668,2016-12-07,
669,2016-12-07,0.07
670,2016-12-07,0.12
671,2016-12-07,0.02
672,2016-12-08,0.03
673,2016-12-08,0.03
674,2016-12-08,0.02
675,2016-12-08,0.27
676,2016-12-08,0.01
677,2016-12-08,0.07
678,2016-12-08,0.03
679,2016-12-09,0.52
680,2016-12-09,0.34
681,2016-12-09,0.26
682,2016-12-09,
683,2016-12-09,0.31
684,2016-12-09,0.42
685,2016-12-10,0.05
686,2016-12-10,0.02
687,2016-12-10,0.0
688,2016-12-10,
689,2016-12-10,0.02
690,2016-12-10,0.04
691,2016-12-11,0.04
692,2016-12-11,0.02
693,2016-12-11,0.06
694,2016-12-11,0.0
695,2016-12-11,0.13
696,2016-12-12,0.01
697,2016-12-12,0.01
698,2016-12-12,
699,2016-12-12,0.02
700,2016-12-12,0.0
701,2016-12-12,0.0
702,2016-12-12,0.01
703,2016-12-13,0.05
704,2016-12-13,0.1
705,2016-12-13,0.34
706,2016-12-13,
707,2016-12-13,0.15
708,2016-12-13,0.04
709,2016-12-13,0.09
710,2016-12-14,0.03
711,2016-12-14,0.05
712,2016-12-14,0.12
713,2016-12-14,
714,2016-12-14,0.05
715,2016-12-14,0.92
716,2016-12-14,0.33
717,2016-12-15,0.0
718,2016-12-15,0.02
719,2016-12-15,0.07
720,2016-12-15,
721,2016-12-15,0.0
722,2016-12-15,0.14
723,2016-12-15,0.03
724,2016-12-16,0.0
725,2016-12-16,0.01
726,2016-12-16,0.0
727,2016-12-16,
728,2016-12-16,0.0
729,2016-12-16,0.03
730,2016-12-16,0.0
731,2016-12-17,0.01
732,2016-12-17,0.11
733,2016-12-17,0.0
734,2016-12-17,0.16
735,2016-12-17,0.07
736,2016-12-18,0.13
737,2016-12-18,0.29
738,2016-12-18,0.04
739,2016-12-18,0.27
740,2016-12-18,0.16
741,2016-12-18,
742,2016-12-19,0.01
743,2016-12-19,0.21
744,2016-12-19,0.0
745,2016-12-19,
746,2016-12-19,0.02
747,2016-12-19,0.03
748,2016-12-19,0.15
749,2016-12-20,0.0
750,2016-12-20,0.02
751,2016-12-20,0.0
752,2016-12-20,
753,2016-12-20,0.01
754,2016-12-20,0.0
755,2016-12-20,0.0
756,2016-12-21,0.0
757,2016-12-21,0.03
758,2016-12-21,0.09
759,2016-12-21,0.06
760,2016-12-21,0.06
761,2016-12-21,0.11
762,2016-12-21,0.55
763,2016-12-22,0.01
764,2016-12-22,0.17
765,2016-12-22,0.05
766,2016-12-22,
767,2016-12-22,0.14
768,2016-12-22,0.86
769,2016-12-22,1.24
770,2016-12-23,0.01
771,2016-12-23,0.1
772,2016-12-23,0.03
773,2016-12-23,
774,2016-12-23,0.02
775,2016-12-23,0.24
776,2016-12-23,0.83
777,2016-12-24,0.01
778,2016-12-24,0.14
779,2016-12-24,0.13
780,2016-12-24,0.06
781,2016-12-24,0.2
782,2016-12-24,1.08
783,2016-12-25,0.0
784,2016-12-25,0.03
785,2016-12-25,0.0
786,2016-12-25,0.02
787,2016-12-25,0.38
788,2016-12-26,0.02
789,2016-12-26,0.26
790,2016-12-26,
791,2016-12-26,0.06
792,2016-12-26,0.22
793,2016-12-26,1.48
794,2016-12-27,0.0
795,2016-12-27,0.03
796,2016-12-27,0.02
797,2016-12-27,0.0
798,2016-12-27,0.05
799,2016-12-27,0.14
800,2016-12-28,0.02
801,2016-12-28,0.09
802,2016-12-28,0.01
803,2016-12-28,
804,2016-12-28,0.06
805,2016-12-28,0.09
806,2016-12-28,0.14
807,2016-12-29,0.04
808,2016-12-29,0.18
809,2016-12-29,0.56
810,2016-12-29,
811,2016-12-29,0.05
812,2016-12-29,0.52
813,2016-12-29,1.03
814,2016-12-30,0.12
815,2016-12-30,0.21
816,2016-12-30,0.29
817,2016-12-30,
818,2016-12-30,0.07
819,2016-12-30,0.29
820,2016-12-30,2.37
821,2016-12-31,0.01
822,2016-12-31,0.62
823,2016-12-31,0.36
824,2016-12-31,0.25
825,2016-12-31,0.9
826,2017-01-01,0.0
827,2017-01-01,0.29
828,2017-01-01,0.0
829,2017-01-01,
830,2017-01-01,0.03
831,2017-01-01,0.03
832,2017-01-02,0.0
833,2017-01-02,0.0
834,2017-01-02,0.01
835,2017-01-02,0.01
836,2017-01-02,0.0
837,2017-01-03,0.0
838,2017-01-03,0.0
839,2017-01-03,0.0
840,2017-01-03,
841,2017-01-03,0.0
842,2017-01-03,0.0
843,2017-01-04,0.0
844,2017-01-04,0.0
845,2017-01-04,0.0
846,2017-01-04,0.18
847,2017-01-04,0.0
848,2017-01-04,0.0
849,2017-01-05,0.0
850,2017-01-05,0.0
851,2017-01-05,0.0
852,2017-01-05,0.42
853,2017-01-05,0.06
854,2017-01-05,0.47
855,2017-01-06,0.0
856,2017-01-06,0.0
857,2017-01-06,0.59
858,2017-01-06,0.01
859,2017-01-06,0.1
860,2017-01-06,0.1
861,2017-01-07,0.0
862,2017-01-07,0.06
863,2017-01-07,0.0
864,2017-01-07,0.0
865,2017-01-07,0.0
866,2017-01-07,0.0
867,2017-01-08,0.0
868,2017-01-08,0.0
869,2017-01-08,0.03
870,2017-01-08,0.0
871,2017-01-08,0.0
872,2017-01-08,0.03
873,2017-01-09,0.0
874,2017-01-09,0.0
875,2017-01-09,0.0
876,2017-01-09,
877,2017-01-09,0.0
878,2017-01-09,0.0
879,2017-01-09,0.0
880,2017-01-10,0.0
881,2017-01-10,0.0
882,2017-01-10,0.0
883,2017-01-10,
884,2017-01-10,0.0
885,2017-01-10,0.0
886,2017-01-10,0.0
887,2017-01-11,0.0
888,2017-01-11,0.0
889,2017-01-11,0.0
890,2017-01-11,
891,2017-01-11,0.0
892,2017-01-11,0.0
893,2017-01-12,0.0
894,2017-01-12,0.0
895,2017-01-12,
896,2017-01-12,
897,2017-01-12,0.0
898,2017-01-12,0.0
899,2017-01-13,0.0
900,2017-01-13,0.0
901,2017-01-13,
902,2017-01-13,
903,2017-01-13,0.0
904,2017-01-13,0.0
905,2017-01-14,0.0
906,2017-01-14,0.0
907,2017-01-14,0.0
908,2017-01-14,0.01
909,2017-01-14,0.0
910,2017-01-15,0.0
911,2017-01-15,0.0
912,2017-01-15,
913,2017-01-15,0.0
914,2017-01-15,0.01
915,2017-01-16,0.0
916,2017-01-16,0.0
917,2017-01-16,
918,2017-01-16,0.0
919,2017-01-16,0.0
920,2017-01-16,0.0
921,2017-01-17,0.0
922,2017-01-17,0.0
923,2017-01-17,0.0
924,2017-01-17,0.0
925,2017-01-17,0.0
926,2017-01-17,0.0
927,2017-01-18,0.0
928,2017-01-18,0.0
929,2017-01-18,0.0
930,2017-01-18,0.0
931,2017-01-18,
932,2017-01-18,0.0
933,2017-01-18,0.07
934,2017-01-19,0.0
935,2017-01-19,0.0
936,2017-01-19,0.0
937,2017-01-19,
938,2017-01-19,0.0
939,2017-01-19,0.02
940,2017-01-19,0.0
941,2017-01-20,0.0
942,2017-01-20,0.0
943,2017-01-20,0.0
944,2017-01-20,
945,2017-01-20,0.0
946,2017-01-20,0.0
947,2017-01-20,0.0
948,2017-01-21,0.0
949,2017-01-21,0.04
950,2017-01-21,0.02
951,2017-01-21,0.11
952,2017-01-21,0.03
953,2017-01-21,0.08
954,2017-01-22,0.16
955,2017-01-22,0.01
956,2017-01-22,0.04
957,2017-01-22,0.09
958,2017-01-22,0.72
959,2017-01-23,0.0
960,2017-01-23,0.08
961,2017-01-23,
962,2017-01-23,
963,2017-01-23,0.0
964,2017-01-23,0.01
965,2017-01-23,0.85
966,2017-01-24,0.04
967,2017-01-24,0.15
968,2017-01-24,
969,2017-01-24,0.08
970,2017-01-24,0.13
971,2017-01-24,1.85
972,2017-01-25,0.03
973,2017-01-25,0.12
974,2017-01-25,
975,2017-01-25,
976,2017-01-25,0.0
977,2017-01-25,0.79
978,2017-01-25,2.64
979,2017-01-26,0.0
980,2017-01-26,0.0
981,2017-01-26,0.01
982,2017-01-26,0.0
983,2017-01-26,0.0
984,2017-01-26,0.0
985,2017-01-26,0.1
986,2017-01-27,0.0
987,2017-01-27,0.0
988,2017-01-27,0.0
989,2017-01-27,0.0
990,2017-01-27,0.0
991,2017-01-27,0.03
992,2017-01-27,0.03
993,2017-01-28,0.0
994,2017-01-28,0.14
995,2017-01-28,0.0
996,2017-01-28,0.0
997,2017-01-28,0.0
998,2017-01-29,0.18
999,2017-01-29,0.0
1000,2017-01-29,
1001,2017-01-29,0.26
1002,2017-01-29,0.55
1003,2017-01-30,0.0
1004,2017-01-30,0.0
1005,2017-01-30,
1006,2017-01-30,0.05
1007,2017-01-30,0.0
1008,2017-01-30,0.0
1009,2017-01-30,0.0
1010,2017-01-31,0.0
1011,2017-01-31,0.0
1012,2017-01-31,0.0
1013,2017-01-31,0.0
1014,2017-01-31,0.0
1015,2017-01-31,0.0
1016,2017-01-31,0.0
1017,2017-02-01,0.0
1018,2017-02-01,0.0
1019,2017-02-01,0.0
1020,2017-02-01,0.0
1021,2017-02-01,0.0
1022,2017-02-01,0.0
1023,2017-02-01,0.0
1024,2017-02-02,0.0
1025,2017-02-02,0.0
1026,2017-02-02,0.0
1027,2017-02-02,0.0
1028,2017-02-02,0.0
1029,2017-02-02,0.0
1030,2017-02-02,0.0
1031,2017-02-03,0.0
1032,2017-02-03,0.0
1033,2017-02-03,0.0
1034,2017-02-03,0.0
1035,2017-02-03,0.0
1036,2017-02-03,0.0
1037,2017-02-04,0.0
1038,2017-02-04,0.0
1039,2017-02-04,0.0
1040,2017-02-04,0.0
1041,2017-02-04,
1042,2017-02-05,0.0
1043,2017-02-05,0.0
1044,2017-02-05,
1045,2017-02-05,0.0
1046,2017-02-05,0.0
1047,2017-02-05,0.0
1048,2017-02-06,0.0
1049,2017-02-06,0.16
1050,2017-02-06,0.04
1051,2017-02-06,
1052,2017-02-06,0.0
1053,2017-02-06,0.18
1054,2017-02-06,0.0
1055,2017-02-07,0.51
1056,2017-02-07,1.08
1057,2017-02-07,0.9
1058,2017-02-07,0.0
1059,2017-02-07,1.8
1060,2017-02-07,1.32
1061,2017-02-07,1.79
1062,2017-02-08,0.0
1063,2017-02-08,1.08
1064,2017-02-08,0.0
1065,2017-02-08,0.0
1066,2017-02-08,0.0
1067,2017-02-08,0.0
1068,2017-02-08,0.0
1069,2017-02-09,0.0
1070,2017-02-09,0.02
1071,2017-02-09,0.0
1072,2017-02-09,0.0
1073,2017-02-09,0.0
1074,2017-02-09,0.0
1075,2017-02-09,0.0
1076,2017-02-10,0.0
1077,2017-02-10,0.0
1078,2017-02-10,0.0
1079,2017-02-10,0.0
1080,2017-02-10,0.0
1081,2017-02-10,0.0
1082,2017-02-10,0.0
1083,2017-02-11,0.31
1084,2017-02-11,1.0
1085,2017-02-11,2.39
1086,2017-02-11,5.04
1087,2017-02-11,1.73
1088,2017-02-11,0.73
1089,2017-02-12,2.62
1090,2017-02-12,1.07
1091,2017-02-12,1.91
1092,2017-02-12,0.07
1093,2017-02-12,2.98
1094,2017-02-12,1.83
1095,2017-02-13,0.01
1096,2017-02-13,2.9
1097,2017-02-13,0.0
1098,2017-02-13,
1099,2017-02-13,0.0
1100,2017-02-13,0.01
1101,2017-02-13,0.0
1102,2017-02-14,0.0
1103,2017-02-14,0.0
1104,2017-02-14,0.0
1105,2017-02-14,0.0
1106,2017-02-14,0.0
1107,2017-02-14,0.01
1108,2017-02-15,0.0
1109,2017-02-15,0.0
1110,2017-02-15,0.0
1111,2017-02-15,
1112,2017-02-15,
1113,2017-02-15,0.01
1114,2017-02-15,0.07
1115,2017-02-16,0.07
1116,2017-02-16,0.0
1117,2017-02-16,0.62
1118,2017-02-16,
1119,2017-02-16,0.67
1120,2017-02-16,0.73
1121,2017-02-16,0.13
1122,2017-02-17,0.0
1123,2017-02-17,0.8
1124,2017-02-17,0.06
1125,2017-02-17,0.0
1126,2017-02-17,0.06
1127,2017-02-17,0.13
1128,2017-02-18,0.0
1129,2017-02-18,0.0
1130,2017-02-18,0.01
1131,2017-02-18,0.0
1132,2017-02-18,
1133,2017-02-19,0.0
1134,2017-02-19,0.0
1135,2017-02-19,0.09
1136,2017-02-19,0.1
1137,2017-02-20,0.0
1138,2017-02-20,0.0
1139,2017-02-20,
1140,2017-02-20,
1141,2017-02-20,0.0
1142,2017-02-20,0.0
1143,2017-02-21,0.06
1144,2017-02-21,0.0
1145,2017-02-21,0.0
1146,2017-02-21,
1147,2017-02-21,0.0
1148,2017-02-21,0.07
1149,2017-02-22,0.06
1150,2017-02-22,0.06
1151,2017-02-22,0.11
1152,2017-02-22,0.17
1153,2017-02-22,0.13
1154,2017-02-22,0.06
1155,2017-02-22,0.32
1156,2017-02-23,0.01
1157,2017-02-23,0.0
1158,2017-02-23,0.0
1159,2017-02-23,0.0
1160,2017-02-23,0.0
1161,2017-02-23,0.0
1162,2017-02-23,0.0
1163,2017-02-24,0.0
1164,2017-02-24,0.0
1165,2017-02-24,0.0
1166,2017-02-24,0.0
1167,2017-02-24,0.0
1168,2017-02-24,0.0
1169,2017-02-24,0.0
1170,2017-02-25,0.03
1171,2017-02-25,0.0
1172,2017-02-25,0.0
1173,2017-02-25,0.12
1174,2017-02-26,0.0
1175,2017-02-26,0.0
1176,2017-02-26,
1177,2017-02-26,
1178,2017-02-26,0.0
1179,2017-02-26,0.0
1180,2017-02-27,0.0
1181,2017-02-27,0.0
1182,2017-02-27,0.0
1183,2017-02-27,
1184,2017-02-27,0.0
1185,2017-02-27,0.0
1186,2017-02-27,0.0
1187,2017-02-28,0.0
1188,2017-02-28,0.16
1189,2017-02-28,0.04
1190,2017-02-28,
1191,2017-02-28,0.0
1192,2017-02-28,0.04
1193,2017-02-28,0.58
1194,2017-03-01,1.19
1195,2017-03-01,2.2
1196,2017-03-01,1.12
1197,2017-03-01,2.4
1198,2017-03-01,0.59
1199,2017-03-01,2.12
1200,2017-03-01,2.0
1201,2017-03-02,0.73
1202,2017-03-02,1.45
1203,2017-03-02,0.44
1204,2017-03-02,1.48
1205,2017-03-02,1.88
1206,2017-03-02,0.58
1207,2017-03-03,0.47
1208,2017-03-03,0.54
1209,2017-03-03,
1210,2017-03-03,0.14
1211,2017-03-03,0.25
1212,2017-03-03,0.27
1213,2017-03-03,0.56
1214,2017-03-04,0.0
1215,2017-03-04,0.0
1216,2017-03-04,0.0
1217,2017-03-04,0.0
1218,2017-03-04,0.0
1219,2017-03-05,0.35
1220,2017-03-05,0.1
1221,2017-03-05,0.41
1222,2017-03-05,0.35
1223,2017-03-06,0.0
1224,2017-03-06,0.51
1225,2017-03-06,
1226,2017-03-06,
1227,2017-03-06,
1228,2017-03-06,0.03
1229,2017-03-06,0.0
1230,2017-03-07,0.0
1231,2017-03-07,0.0
1232,2017-03-07,0.0
1233,2017-03-07,
1234,2017-03-07,0.0
1235,2017-03-07,0.0
1236,2017-03-08,0.0
1237,2017-03-08,0.0
1238,2017-03-08,0.0
1239,2017-03-08,
1240,2017-03-08,0.0
1241,2017-03-08,0.0
1242,2017-03-09,0.0
1243,2017-03-09,0.8
1244,2017-03-09,0.5
1245,2017-03-09,0.0
1246,2017-03-09,
1247,2017-03-09,0.65
1248,2017-03-09,0.01
1249,2017-03-10,0.0
1250,2017-03-10,0.13
1251,2017-03-10,0.13
1252,2017-03-10,0.0
1253,2017-03-10,0.0
1254,2017-03-10,0.03
1255,2017-03-10,0.0
1256,2017-03-11,0.0
1257,2017-03-11,0.03
1258,2017-03-11,0.0
1259,2017-03-11,0.01
1260,2017-03-11,0.0
1261,2017-03-12,0.0
1262,2017-03-12,0.0
1263,2017-03-12,
1264,2017-03-12,0.0
1265,2017-03-12,0.0
1266,2017-03-13,0.0
1267,2017-03-13,0.0
1268,2017-03-13,0.0
1269,2017-03-13,
1270,2017-03-13,0.0
1271,2017-03-13,0.0
1272,2017-03-13,
1273,2017-03-14,0.0
1274,2017-03-14,0.0
1275,2017-03-14,0.0
1276,2017-03-14,0.06
1277,2017-03-14,0.0
1278,2017-03-14,0.0
1279,2017-03-14,0.0
1280,2017-03-15,0.0
1281,2017-03-15,0.0
1282,2017-03-15,0.0
1283,2017-03-15,0.0
1284,2017-03-15,0.06
1285,2017-03-15,0.0
1286,2017-03-16,0.0
1287,2017-03-16,0.0
1288,2017-03-16,
1289,2017-03-16,
1290,2017-03-16,0.0
1291,2017-03-16,0.0
1292,2017-03-16,0.0
1293,2017-03-17,0.0
1294,2017-03-17,0.19
1295,2017-03-17,0.06
1296,2017-03-17,
1297,2017-03-17,0.35
1298,2017-03-17,0.12
1299,2017-03-18,0.0
1300,2017-03-18,0.0
1301,2017-03-18,0.0
1302,2017-03-18,0.0
1303,2017-03-18,0.0
1304,2017-03-18,
1305,2017-03-19,0.0
1306,2017-03-19,0.0
1307,2017-03-19,0.0
1308,2017-03-19,0.0
1309,2017-03-19,0.0
1310,2017-03-20,0.0
1311,2017-03-20,0.0
1312,2017-03-20,
1313,2017-03-20,0.0
1314,2017-03-20,0.02
1315,2017-03-20,0.0
1316,2017-03-21,0.0
1317,2017-03-21,0.0
1318,2017-03-21,0.0
1319,2017-03-21,0.0
1320,2017-03-21,0.09
1321,2017-03-21,0.0
1322,2017-03-22,0.0
1323,2017-03-22,0.0
1324,2017-03-22,0.0
1325,2017-03-22,0.0
1326,2017-03-22,0.0
1327,2017-03-22,0.0
1328,2017-03-23,0.0
1329,2017-03-23,0.0
1330,2017-03-23,0.0
1331,2017-03-23,0.02
1332,2017-03-23,0.0
1333,2017-03-23,0.03
1334,2017-03-24,0.02
1335,2017-03-24,0.6
1336,2017-03-24,0.15
1337,2017-03-24,0.07
1338,2017-03-24,0.12
1339,2017-03-24,0.17
1340,2017-03-25,0.0
1341,2017-03-25,0.13
1342,2017-03-25,0.43
1343,2017-03-25,0.93
1344,2017-03-25,0.48
1345,2017-03-26,0.0
1346,2017-03-26,0.0
1347,2017-03-26,0.0
1348,2017-03-26,0.0
1349,2017-03-26,0.0
1350,2017-03-27,0.0
1351,2017-03-27,0.0
1352,2017-03-27,
1353,2017-03-27,0.0
1354,2017-03-27,0.01
1355,2017-03-27,0.0
1356,2017-03-28,0.0
1357,2017-03-28,0.03
1358,2017-03-28,0.0
1359,2017-03-28,
1360,2017-03-28,0.0
1361,2017-03-28,0.0
1362,2017-03-28,0.68
1363,2017-03-29,0.0
1364,2017-03-29,0.0
1365,2017-03-29,0.03
1366,2017-03-29,
1367,2017-03-29,0.08
1368,2017-03-29,0.01
1369,2017-03-29,0.07
1370,2017-03-30,0.0
1371,2017-03-30,0.08
1372,2017-03-30,0.03
1373,2017-03-30,
1374,2017-03-30,0.0
1375,2017-03-30,0.04
1376,2017-03-31,0.0
1377,2017-03-31,0.0
1378,2017-03-31,0.0
1379,2017-03-31,0.0
1380,2017-03-31,0.0
1381,2017-03-31,0.01
1382,2017-03-31,
1383,2017-04-01,0.0
1384,2017-04-01,0.0
1385,2017-04-01,0.0
1386,2017-04-01,0.0
1387,2017-04-01,0.21
1388,2017-04-01,0.2
1389,2017-04-02,0.0
1390,2017-04-02,0.0
1391,2017-04-02,0.0
1392,2017-04-02,0.0
1393,2017-04-02,0.0
1394,2017-04-02,0.0
1395,2017-04-03,0.0
1396,2017-04-03,0.08
1397,2017-04-03,0.09
1398,2017-04-03,
1399,2017-04-03,0.0
1400,2017-04-03,0.26
1401,2017-04-03,0.23
1402,2017-04-04,0.0
1403,2017-04-04,0.04
1404,2017-04-04,0.0
1405,2017-04-04,0.0
1406,2017-04-04,0.0
1407,2017-04-04,0.09
1408,2017-04-04,0.02
1409,2017-04-05,0.0
1410,2017-04-05,0.04
1411,2017-04-05,0.07
1412,2017-04-05,0.0
1413,2017-04-05,0.0
1414,2017-04-05,0.1
1415,2017-04-05,0.45
1416,2017-04-06,0.0
1417,2017-04-06,0.0
1418,2017-04-06,0.0
1419,2017-04-06,0.0
1420,2017-04-06,0.0
1421,2017-04-06,0.06
1422,2017-04-06,0.0
1423,2017-04-07,0.0
1424,2017-04-07,0.0
1425,2017-04-07,0.0
1426,2017-04-07,0.0
1427,2017-04-07,0.0
1428,2017-04-07,0.0
1429,2017-04-08,0.0
1430,2017-04-08,0.0
1431,2017-04-08,0.0
1432,2017-04-08,
1433,2017-04-09,0.0
1434,2017-04-09,0.0
1435,2017-04-09,
1436,2017-04-09,
1437,2017-04-09,0.0
1438,2017-04-09,0.0
1439,2017-04-10,0.0
1440,2017-04-10,0.01
1441,2017-04-10,0.0
1442,2017-04-10,
1443,2017-04-10,0.0
1444,2017-04-10,0.01
1445,2017-04-10,0.0
1446,2017-04-11,0.0
1447,2017-04-11,0.03
1448,2017-04-11,0.16
1449,2017-04-11,
1450,2017-04-11,0.0
1451,2017-04-11,0.03
1452,2017-04-11,0.25
1453,2017-04-12,0.0
1454,2017-04-12,0.03
1455,2017-04-12,0.29
1456,2017-04-12,
1457,2017-04-12,0.0
1458,2017-04-12,0.11
1459,2017-04-12,0.65
1460,2017-04-13,0.0
1461,2017-04-13,0.27
1462,2017-04-13,0.0
1463,2017-04-13,
1464,2017-04-13,0.0
1465,2017-04-13,0.59
1466,2017-04-13,0.23
1467,2017-04-14,0.26
1468,2017-04-14,0.69
1469,2017-04-14,0.29
1470,2017-04-14,0.36
1471,2017-04-14,2.3
1472,2017-04-14,2.82
1473,2017-04-15,0.01
1474,2017-04-15,0.45
1475,2017-04-15,0.0
1476,2017-04-15,0.38
1477,2017-04-15,0.9
1478,2017-04-16,0.0
1479,2017-04-16,0.49
1480,2017-04-16,0.0
1481,2017-04-16,0.47
1482,2017-04-16,0.11
1483,2017-04-17,0.02
1484,2017-04-17,0.41
1485,2017-04-17,
1486,2017-04-17,
1487,2017-04-17,0.3
1488,2017-04-17,1.04
1489,2017-04-17,1.3
1490,2017-04-18,0.0
1491,2017-04-18,0.08
1492,2017-04-18,0.12
1493,2017-04-18,0.0
1494,2017-04-18,0.15
1495,2017-04-18,2.03
1496,2017-04-18,0.98
1497,2017-04-19,0.02
1498,2017-04-19,0.02
1499,2017-04-19,0.0
1500,2017-04-19,
1501,2017-04-19,0.0
1502,2017-04-19,0.02
1503,2017-04-19,0.14
1504,2017-04-20,0.05
1505,2017-04-20,0.33
1506,2017-04-20,0.0
1507,2017-04-20,
1508,2017-04-20,0.35
1509,2017-04-20,0.05
1510,2017-04-20,0.0
1511,2017-04-21,0.23
1512,2017-04-21,1.16
1513,2017-04-21,1.05
1514,2017-04-21,
1515,2017-04-21,2.36
1516,2017-04-21,1.74
1517,2017-04-21,1.84
1518,2017-04-22,0.32
1519,2017-04-22,1.01
1520,2017-04-22,0.7
1521,2017-04-22,1.58
1522,2017-04-22,1.35
1523,2017-04-23,0.03
1524,2017-04-23,0.02
1525,2017-04-23,0.06
1526,2017-04-23,0.35
1527,2017-04-24,0.0
1528,2017-04-24,0.0
1529,2017-04-24,
1530,2017-04-24,
1531,2017-04-24,
1532,2017-04-24,0.01
1533,2017-04-24,0.05
1534,2017-04-25,0.0
1535,2017-04-25,0.0
1536,2017-04-25,0.0
1537,2017-04-25,
1538,2017-04-25,0.0
1539,2017-04-25,0.0
1540,2017-04-25,0.0
1541,2017-04-26,0.0
1542,2017-04-26,0.0
1543,2017-04-26,0.14
1544,2017-04-26,0.01
1545,2017-04-26,0.02
1546,2017-04-26,0.22
1547,2017-04-27,0.0
1548,2017-04-27,0.1
1549,2017-04-27,0.02
1550,2017-04-27,
1551,2017-04-27,0.0
1552,2017-04-27,0.19
1553,2017-04-27,0.11
1554,2017-04-28,0.0
1555,2017-04-28,2.6
1556,2017-04-28,0.09
1557,2017-04-28,
1558,2017-04-28,0.0
1559,2017-04-28,0.76
1560,2017-04-28,0.79
1561,2017-04-29,0.12
1562,2017-04-29,0.35
1563,2017-04-29,0.95
1564,2017-04-29,6.25
1565,2017-04-29,0.37
1566,2017-04-29,0.0
1567,2017-04-30,0.89
1568,2017-04-30,1.21
1569,2017-04-30,1.17
1570,2017-04-30,1.31
1571,2017-04-30,1.04
1572,2017-04-30,0.8
1573,2017-05-01,0.26
1574,2017-05-01,0.07
1575,2017-05-01,0.03
1576,2017-05-01,0.07
1577,2017-05-01,0.13
1578,2017-05-01,0.25
1579,2017-05-02,0.0
1580,2017-05-02,0.03
1581,2017-05-02,0.01
1582,2017-05-02,0.0
1583,2017-05-02,0.01
1584,2017-05-02,0.0
1585,2017-05-03,0.0
1586,2017-05-03,0.01
1587,2017-05-03,0.01
1588,2017-05-03,0.0
1589,2017-05-03,0.01
1590,2017-05-04,0.0
1591,2017-05-04,0.0
1592,2017-05-04,0.08
1593,2017-05-04,0.0
1594,2017-05-04,0.0
1595,2017-05-04,
1596,2017-05-05,0.0
1597,2017-05-05,0.0
1598,2017-05-05,0.28
1599,2017-05-05,0.0
1600,2017-05-05,0.0
1601,2017-05-05,0.1
1602,2017-05-06,0.0
1603,2017-05-06,0.0
1604,2017-05-06,0.06
1605,2017-05-06,0.0
1606,2017-05-06,0.0
1607,2017-05-06,0.0
1608,2017-05-07,0.0
1609,2017-05-07,0.07
1610,2017-05-07,0.0
1611,2017-05-07,0.02
1612,2017-05-07,0.03
1613,2017-05-08,0.0
1614,2017-05-08,0.22
1615,2017-05-08,0.95
1616,2017-05-08,0.0
1617,2017-05-08,0.73
1618,2017-05-08,1.11
1619,2017-05-09,1.62
1620,2017-05-09,0.52
1621,2017-05-09,0.68
1622,2017-05-09,1.58
1623,2017-05-09,0.23
1624,2017-05-10,0.0
1625,2017-05-10,0.05
1626,2017-05-10,0.0
1627,2017-05-10,0.06
1628,2017-05-10,0.2
1629,2017-05-10,0.55
1630,2017-05-11,0.01
1631,2017-05-11,0.03
1632,2017-05-11,0.0
1633,2017-05-11,0.12
1634,2017-05-11,0.44
1635,2017-05-12,0.0
1636,2017-05-12,0.04
1637,2017-05-12,
1638,2017-05-12,0.0
1639,2017-05-12,0.02
1640,2017-05-12,0.1
1641,2017-05-13,0.0
1642,2017-05-13,0.02
1643,2017-05-13,0.0
1644,2017-05-13,0.12
1645,2017-05-13,0.1
1646,2017-05-14,0.0
1647,2017-05-14,0.05
1648,2017-05-14,0.0
1649,2017-05-14,0.17
1650,2017-05-14,1.0
1651,2017-05-15,0.05
1652,2017-05-15,0.08
1653,2017-05-15,
1654,2017-05-15,0.06
1655,2017-05-15,0.09
1656,2017-05-15,0.6
1657,2017-05-16,0.01
1658,2017-05-16,0.03
1659,2017-05-16,0.05
1660,2017-05-16,0.0
1661,2017-05-16,0.03
1662,2017-05-16,0.3
1663,2017-05-17,0.0
1664,2017-05-17,0.02
1665,2017-05-17,0.0
1666,2017-05-17,0.0
1667,2017-05-17,0.07
1668,2017-05-17,0.06
1669,2017-05-18,0.01
1670,2017-05-18,0.09
1671,2017-05-18,0.16
1672,2017-05-18,0.46
1673,2017-05-18,0.13
1674,2017-05-18,0.0
1675,2017-05-19,0.0
1676,2017-05-19,0.02
1677,2017-05-19,0.01
1678,2017-05-19,0.01
1679,2017-05-20,0.0
1680,2017-05-20,0.0
1681,2017-05-20,0.01
1682,2017-05-20,
1683,2017-05-20,0.02
1684,2017-05-20,
1685,2017-05-21,0.0
1686,2017-05-21,0.0
1687,2017-05-21,0.0
1688,2017-05-21,0.01
1689,2017-05-21,0.0
1690,2017-05-22,0.0
1691,2017-05-22,0.0
1692,2017-05-22,
1693,2017-05-22,0.0
1694,2017-05-22,0.06
1695,2017-05-22,0.3
1696,2017-05-23,0.08
1697,2017-05-23,0.02
1698,2017-05-23,0.11
1699,2017-05-23,0.0
1700,2017-05-23,0.06
1701,2017-05-23,0.44
1702,2017-05-24,0.13
1703,2017-05-24,0.58
1704,2017-05-24,0.1
1705,2017-05-24,0.61
1706,2017-05-24,0.3
1707,2017-05-24,2.17
1708,2017-05-25,0.15
1709,2017-05-25,0.37
1710,2017-05-25,0.07
1711,2017-05-25,0.55
1712,2017-05-25,0.2
1713,2017-05-25,0.88
1714,2017-05-26,0.02
1715,2017-05-26,0.0
1716,2017-05-26,0.0
1717,2017-05-26,0.0
1718,2017-05-26,0.0
1719,2017-05-27,0.01
1720,2017-05-27,0.0
1721,2017-05-27,0.0
1722,2017-05-27,0.0
1723,2017-05-27,0.0
1724,2017-05-27,0.5
1725,2017-05-28,0.02
1726,2017-05-28,0.29
1727,2017-05-28,0.02
1728,2017-05-28,0.0
1729,2017-05-28,0.08
1730,2017-05-28,0.0
1731,2017-05-29,0.0
1732,2017-05-29,0.02
1733,2017-05-29,0.0
1734,2017-05-29,0.0
1735,2017-05-29,0.4
1736,2017-05-30,0.26
1737,2017-05-30,0.2
1738,2017-05-30,0.04
1739,2017-05-30,0.11
1740,2017-05-30,1.12
1741,2017-05-30,
1742,2017-05-31,0.02
1743,2017-05-31,0.1
1744,2017-05-31,0.0
1745,2017-05-31,0.0
1746,2017-05-31,0.25
1747,2017-06-01,0.0
1748,2017-06-01,0.03
1749,2017-06-01,0.0
1750,2017-06-01,0.0
1751,2017-06-01,0.0
1752,2017-06-01,0.01
1753,2017-06-02,0.0
1754,2017-06-02,0.1
1755,2017-06-02,0.15
1756,2017-06-02,
1757,2017-06-02,0.0
1758,2017-06-02,0.09
1759,2017-06-03,0.02
1760,2017-06-03,0.2
1761,2017-06-03,0.16
1762,2017-06-03,0.15
1763,2017-06-03,0.08
1764,2017-06-03,
1765,2017-06-04,0.0
1766,2017-06-04,0.15
1767,2017-06-04,0.05
1768,2017-06-04,0.0
1769,2017-06-04,0.13
1770,2017-06-04,0.82
1771,2017-06-05,0.0
1772,2017-06-05,0.0
1773,2017-06-05,0.02
1774,2017-06-05,
1775,2017-06-05,0.0
1776,2017-06-05,0.05
1777,2017-06-05,0.01
1778,2017-06-06,0.0
1779,2017-06-06,0.0
1780,2017-06-06,0.0
1781,2017-06-06,
1782,2017-06-06,0.0
1783,2017-06-06,0.0
1784,2017-06-06,0.0
1785,2017-06-07,0.0
1786,2017-06-07,0.0
1787,2017-06-07,0.0
1788,2017-06-07,
1789,2017-06-07,0.0
1790,2017-06-07,0.0
1791,2017-06-07,0.01
1792,2017-06-08,0.0
1793,2017-06-08,0.02
1794,2017-06-08,0.01
1795,2017-06-08,
1796,2017-06-08,0.0
1797,2017-06-08,0.0
1798,2017-06-08,0.0
1799,2017-06-09,0.0
1800,2017-06-09,0.02
1801,2017-06-09,0.0
1802,2017-06-09,
1803,2017-06-09,0.0
1804,2017-06-09,0.02
1805,2017-06-10,0.04
1806,2017-06-10,0.21
1807,2017-06-10,0.53
1808,2017-06-10,0.13
1809,2017-06-10,0.62
1810,2017-06-10,
1811,2017-06-11,0.08
1812,2017-06-11,0.24
1813,2017-06-11,0.14
1814,2017-06-11,0.25
1815,2017-06-11,0.74
1816,2017-06-11,0.7
1817,2017-06-12,0.02
1818,2017-06-12,0.19
1819,2017-06-12,0.35
1820,2017-06-12,0.14
1821,2017-06-12,0.24
1822,2017-06-12,0.81
1823,2017-06-13,0.0
1824,2017-06-13,0.36
1825,2017-06-13,0.1
1826,2017-06-13,
1827,2017-06-13,0.03
1828,2017-06-13,0.24
1829,2017-06-13,0.65
1830,2017-06-14,0.0
1831,2017-06-14,0.27
1832,2017-06-14,0.21
1833,2017-06-14,
1834,2017-06-14,0.06
1835,2017-06-14,0.22
1836,2017-06-14,0.81
1837,2017-06-15,0.0
1838,2017-06-15,0.17
1839,2017-06-15,0.3
1840,2017-06-15,
1841,2017-06-15,0.0
1842,2017-06-15,0.55
1843,2017-06-15,1.69
1844,2017-06-16,0.0
1845,2017-06-16,0.02
1846,2017-06-16,0.02
1847,2017-06-16,
1848,2017-06-16,0.0
1849,2017-06-16,0.06
1850,2017-06-16,0.1
1851,2017-06-17,0.0
1852,2017-06-17,0.35
1853,2017-06-17,0.02
1854,2017-06-17,0.0
1855,2017-06-17,0.07
1856,2017-06-17,0.1
1857,2017-06-18,0.05
1858,2017-06-18,0.25
1859,2017-06-18,0.18
1860,2017-06-18,0.0
1861,2017-06-18,0.24
1862,2017-06-18,0.7
1863,2017-06-19,0.0
1864,2017-06-19,0.05
1865,2017-06-19,0.19
1866,2017-06-19,
1867,2017-06-19,0.01
1868,2017-06-19,0.08
1869,2017-06-19,0.4
1870,2017-06-20,0.02
1871,2017-06-20,0.05
1872,2017-06-20,0.17
1873,2017-06-20,
1874,2017-06-20,0.0
1875,2017-06-20,0.31
1876,2017-06-21,0.0
1877,2017-06-21,0.02
1878,2017-06-21,
1879,2017-06-21,
1880,2017-06-21,0.19
1881,2017-06-21,0.3
1882,2017-06-22,0.0
1883,2017-06-22,0.1
1884,2017-06-22,0.0
1885,2017-06-22,0.0
1886,2017-06-22,0.06
1887,2017-06-22,0.28
1888,2017-06-23,0.0
1889,2017-06-23,0.0
1890,2017-06-23,
1891,2017-06-23,0.0
1892,2017-06-23,0.05
1893,2017-06-23,0.12
1894,2017-06-23,0.5
1895,2017-06-24,0.06
1896,2017-06-24,0.0
1897,2017-06-24,0.0
1898,2017-06-24,0.36
1899,2017-06-24,0.22
1900,2017-06-25,0.0
1901,2017-06-25,0.08
1902,2017-06-25,0.0
1903,2017-06-25,0.02
1904,2017-06-25,0.5
1905,2017-06-26,0.0
1906,2017-06-26,0.02
1907,2017-06-26,
1908,2017-06-26,
1909,2017-06-26,0.0
1910,2017-06-26,0.06
1911,2017-06-26,0.02
1912,2017-06-27,0.0
1913,2017-06-27,0.0
1914,2017-06-27,0.0
1915,2017-06-27,0.0
1916,2017-06-27,0.01
1917,2017-06-27,0.1
1918,2017-06-28,0.0
1919,2017-06-28,0.01
1920,2017-06-28,0.0
1921,2017-06-28,0.0
1922,2017-06-28,0.0
1923,2017-06-28,0.02
1924,2017-06-29,0.0
1925,2017-06-29,0.03
1926,2017-06-29,
1927,2017-06-29,0.0
1928,2017-06-29,0.0
1929,2017-06-29,0.0
1930,2017-06-29,0.04
1931,2017-06-30,0.08
1932,2017-06-30,0.04
1933,2017-06-30,0.0
1934,2017-06-30,0.12
1935,2017-06-30,0.07
1936,2017-06-30,0.01
1937,2017-06-30,0.2
1938,2017-07-01,0.02
1939,2017-07-01,0.06
1940,2017-07-01,0.08
1941,2017-07-01,0.1
1942,2017-07-02,0.02
1943,2017-07-02,0.05
1944,2017-07-02,
1945,2017-07-02,0.15
1946,2017-07-02,0.5
1947,2017-07-03,0.04
1948,2017-07-03,0.13
1949,2017-07-03,
1950,2017-07-03,
1951,2017-07-03,0.02
1952,2017-07-03,0.15
1953,2017-07-03,0.4
1954,2017-07-04,0.04
1955,2017-07-04,0.03
1956,2017-07-04,0.08
1957,2017-07-04,0.0
1958,2017-07-05,0.0
1959,2017-07-05,0.0
1960,2017-07-05,
1961,2017-07-05,
1962,2017-07-05,
1963,2017-07-05,0.0
1964,2017-07-05,0.0
1965,2017-07-06,0.0
1966,2017-07-06,0.0
1967,2017-07-06,
1968,2017-07-06,0.0
1969,2017-07-06,0.0
1970,2017-07-06,0.02
1971,2017-07-07,0.0
1972,2017-07-07,0.02
1973,2017-07-07,
1974,2017-07-07,
1975,2017-07-07,0.0
1976,2017-07-07,0.18
1977,2017-07-07,0.3
1978,2017-07-08,0.0
1979,2017-07-08,0.02
1980,2017-07-08,0.06
1981,2017-07-08,0.0
1982,2017-07-08,0.0
1983,2017-07-08,0.02
1984,2017-07-09,0.0
1985,2017-07-09,0.09
1986,2017-07-09,0.0
1987,2017-07-09,0.0
1988,2017-07-09,0.11
1989,2017-07-09,0.0
1990,2017-07-10,0.0
1991,2017-07-10,0.0
1992,2017-07-10,0.0
1993,2017-07-10,
1994,2017-07-10,0.0
1995,2017-07-10,0.02
1996,2017-07-10,0.02
1997,2017-07-11,0.0
1998,2017-07-11,0.01
1999,2017-07-11,0.0
2000,2017-07-11,
2001,2017-07-11,0.0
2002,2017-07-11,0.02
2003,2017-07-11,0.0
2004,2017-07-12,0.0
2005,2017-07-12,0.01
2006,2017-07-12,0.02
2007,2017-07-12,
2008,2017-07-12,0.0
2009,2017-07-12,0.28
2010,2017-07-12,0.05
2011,2017-07-13,0.07
2012,2017-07-13,0.33
2013,2017-07-13,0.3
2014,2017-07-13,
2015,2017-07-13,0.11
2016,2017-07-13,0.32
2017,2017-07-13,0.68
2018,2017-07-14,0.02
2019,2017-07-14,0.05
2020,2017-07-14,0.0
2021,2017-07-14,0.0
2022,2017-07-14,0.2
2023,2017-07-14,0.68
2024,2017-07-15,0.0
2025,2017-07-15,0.03
2026,2017-07-15,0.01
2027,2017-07-15,0.0
2028,2017-07-15,0.05
2029,2017-07-15,0.1
2030,2017-07-16,0.02
2031,2017-07-16,0.07
2032,2017-07-16,0.12
2033,2017-07-16,0.0
2034,2017-07-16,0.1
2035,2017-07-16,0.5
2036,2017-07-17,0.03
2037,2017-07-17,0.12
2038,2017-07-17,0.16
2039,2017-07-17,0.0
2040,2017-07-17,0.21
2041,2017-07-17,0.39
2042,2017-07-18,0.05
2043,2017-07-18,0.03
2044,2017-07-18,0.0
2045,2017-07-18,0.0
2046,2017-07-18,0.0
2047,2017-07-18,0.05
2048,2017-07-18,2.4
2049,2017-07-19,0.0
2050,2017-07-19,0.09
2051,2017-07-19,0.0
2052,2017-07-19,0.0
2053,2017-07-19,0.05
2054,2017-07-19,0.27
2055,2017-07-20,0.03
2056,2017-07-20,0.12
2057,2017-07-20,0.0
2058,2017-07-20,0.0
2059,2017-07-20,0.33
2060,2017-07-20,0.06
2061,2017-07-20,0.7
2062,2017-07-21,0.0
2063,2017-07-21,0.0
2064,2017-07-21,0.0
2065,2017-07-21,0.0
2066,2017-07-21,0.0
2067,2017-07-21,0.03
2068,2017-07-21,0.1
2069,2017-07-22,0.03
2070,2017-07-22,0.07
2071,2017-07-22,0.12
2072,2017-07-22,0.0
2073,2017-07-22,0.2
2074,2017-07-22,4.0
2075,2017-07-23,0.0
2076,2017-07-23,0.06
2077,2017-07-23,0.07
2078,2017-07-23,0.2
2079,2017-07-23,0.8
2080,2017-07-24,0.05
2081,2017-07-24,0.58
2082,2017-07-24,1.19
2083,2017-07-24,
2084,2017-07-24,0.61
2085,2017-07-24,0.84
2086,2017-07-25,0.0
2087,2017-07-25,0.03
2088,2017-07-25,0.12
2089,2017-07-25,0.0
2090,2017-07-25,0.05
2091,2017-07-25,0.11
2092,2017-07-25,0.3
2093,2017-07-26,0.0
2094,2017-07-26,0.06
2095,2017-07-26,0.02
2096,2017-07-26,
2097,2017-07-26,0.0
2098,2017-07-26,0.12
2099,2017-07-26,0.3
2100,2017-07-27,0.0
2101,2017-07-27,0.0
2102,2017-07-27,0.0
2103,2017-07-27,
2104,2017-07-27,0.0
2105,2017-07-27,0.01
2106,2017-07-27,0.0
2107,2017-07-28,0.0
2108,2017-07-28,0.13
2109,2017-07-28,0.14
2110,2017-07-28,0.01
2111,2017-07-28,0.0
2112,2017-07-28,0.09
2113,2017-07-28,0.4
2114,2017-07-29,0.0
2115,2017-07-29,0.06
2116,2017-07-29,0.02
2117,2017-07-29,0.0
2118,2017-07-29,0.23
2119,2017-07-29,0.3
2120,2017-07-30,0.0
2121,2017-07-30,0.0
2122,2017-07-30,0.0
2123,2017-07-30,0.0
2124,2017-07-30,0.3
2125,2017-07-31,0.0
2126,2017-07-31,0.0
2127,2017-07-31,
2128,2017-07-31,
2129,2017-07-31,0.0
2130,2017-07-31,0.0
2131,2017-07-31,0.0
2132,2017-08-01,0.02
2133,2017-08-01,0.12
2134,2017-08-01,0.0
2135,2017-08-01,
2136,2017-08-02,0.0
2137,2017-08-02,0.05
2138,2017-08-02,0.0
2139,2017-08-02,0.25
2140,2017-08-03,0.0
2141,2017-08-03,0.01
2142,2017-08-03,0.0
2143,2017-08-03,0.06
2144,2017-08-04,0.02
2145,2017-08-04,0.04
2146,2017-08-04,0.0
2147,2017-08-04,0.0
2148,2017-08-05,0.0
2149,2017-08-05,0.06
2150,2017-08-05,
2151,2017-08-06,0.0
2152,2017-08-06,0.0
2153,2017-08-06,0.0
2154,2017-08-06,0.0
2155,2017-08-06,
2156,2017-08-07,0.0
2157,2017-08-07,0.0
2158,2017-08-07,0.0
2159,2017-08-07,0.05
2160,2017-08-08,0.0
2161,2017-08-08,0.1
2162,2017-08-08,0.0
2163,2017-08-08,0.34
2164,2017-08-09,0.0
2165,2017-08-09,0.0
2166,2017-08-09,0.15
2167,2017-08-10,0.0
2168,2017-08-10,0.0
2169,2017-08-10,0.0
2170,2017-08-10,0.07
2171,2017-08-11,0.0
2172,2017-08-11,0.0
2173,2017-08-11,0.0
2174,2017-08-11,
2175,2017-08-12,0.0
2176,2017-08-12,0.0
2177,2017-08-12,0.14
2178,2017-08-13,0.0
2179,2017-08-13,
2180,2017-08-13,0.0
2181,2017-08-13,0.0
2182,2017-08-13,
2183,2017-08-14,0.0
2184,2017-08-14,0.01
2185,2017-08-14,0.08
2186,2017-08-14,0.0
2187,2017-08-14,0.22
2188,2017-08-15,0.02
2189,2017-08-15,0.0
2190,2017-08-15,0.06
2191,2017-08-15,0.32
2192,2017-08-15,0.42
2193,2017-08-16,0.0
2194,2017-08-16,0.07
2195,2017-08-16,0.12
2196,2017-08-16,0.42
2197,2017-08-17,0.0
2198,2017-08-17,0.05
2199,2017-08-17,0.01
2200,2017-08-17,0.13
2201,2017-08-18,0.0
2202,2017-08-18,0.0
2203,2017-08-18,0.06
2204,2017-08-18,
2205,2017-08-19,0.0
2206,2017-08-19,0.0
2207,2017-08-19,
2208,2017-08-19,0.09
2209,2017-08-20,0.0
2210,2017-08-20,0.01
2211,2017-08-20,
2212,2017-08-21,0.0
2213,2017-08-21,0.02
2214,2017-08-21,
2215,2017-08-21,0.56
2216,2017-08-22,0.0
2217,2017-08-22,0.0
2218,2017-08-22,0.5
2219,2017-08-23,0.0
2220,2017-08-23,0.0
2221,2017-08-23,0.08
2222,2017-08-23,0.45
